Main Color,Red,Green,Blue
Red,245,0,0
Red,245,0,0
Red,245,0,0
Red,245,0,5
Red,245,0,10
Red,245,0,0
Red,245,0,0
Red,245,0,0
Red,245,0,5
Red,245,0,10
Red,245,0,0
Red,245,0,0
Red,245,0,0
Red,245,0,5
Red,245,0,10
Red,245,5,0
Red,245,5,0
Red,245,5,0
Red,245,5,5
Red,245,5,10
Red,245,10,0
Red,245,10,0
Red,245,10,0
Red,245,10,5
Red,245,10,10
Red,250,0,0
Red,250,0,0
Red,250,0,0
Red,250,0,5
Red,250,0,10
Red,250,0,0
Red,250,0,0
Red,250,0,0
Red,250,0,5
Red,250,0,10
Red,250,0,0
Red,250,0,0
Red,250,0,0
Red,250,0,5
Red,250,0,10
Red,250,5,0
Red,250,5,0
Red,250,5,0
Red,250,5,5
Red,250,5,10
Red,250,10,0
Red,250,10,0
Red,250,10,0
Red,250,10,5
Red,250,10,10
Red,255,0,0
Red,255,0,0
Red,255,0,0
Red,255,0,5
Red,255,0,10
Red,255,0,0
Red,255,0,0
Red,255,0,0
Red,255,0,5
Red,255,0,10
Red,255,0,0
Red,255,0,0
Red,255,0,0
Red,255,0,5
Red,255,0,10
Red,255,5,0
Red,255,5,0
Red,255,5,0
Red,255,5,5
Red,255,5,10
Red,255,10,0
Red,255,10,0
Red,255,10,0
Red,255,10,5
Red,255,10,10
Red,255,0,0
Red,255,0,0
Red,255,0,0
Red,255,0,5
Red,255,0,10
Red,255,0,0
Red,255,0,0
Red,255,0,0
Red,255,0,5
Red,255,0,10
Red,255,0,0
Red,255,0,0
Red,255,0,0
Red,255,0,5
Red,255,0,10
Red,255,5,0
Red,255,5,0
Red,255,5,0
Red,255,5,5
Red,255,5,10
Red,255,10,0
Red,255,10,0
Red,255,10,0
Red,255,10,5
Red,255,10,10
Red,255,0,0
Red,255,0,0
Red,255,0,0
Red,255,0,5
Red,255,0,10
Red,255,0,0
Red,255,0,0
Red,255,0,0
Red,255,0,5
Red,255,0,10
Red,255,0,0
Red,255,0,0
Red,255,0,0
Red,255,0,5
Red,255,0,10
Red,255,5,0
Red,255,5,0
Red,255,5,0
Red,255,5,5
Red,255,5,10
Red,255,10,0
Red,255,10,0
Red,255,10,0
Red,255,10,5
Red,255,10,10
Red,190,0,0
Red,190,0,0
Red,190,0,0
Red,190,0,5
Red,190,0,10
Red,190,0,0
Red,190,0,0
Red,190,0,0
Red,190,0,5
Red,190,0,10
Red,190,0,0
Red,190,0,0
Red,190,0,0
Red,190,0,5
Red,190,0,10
Red,190,5,0
Red,190,5,0
Red,190,5,0
Red,190,5,5
Red,190,5,10
Red,190,10,0
Red,190,10,0
Red,190,10,0
Red,190,10,5
Red,190,10,10
Red,195,0,0
Red,195,0,0
Red,195,0,0
Red,195,0,5
Red,195,0,10
Red,195,0,0
Red,195,0,0
Red,195,0,0
Red,195,0,5
Red,195,0,10
Red,195,0,0
Red,195,0,0
Red,195,0,0
Red,195,0,5
Red,195,0,10
Red,195,5,0
Red,195,5,0
Red,195,5,0
Red,195,5,5
Red,195,5,10
Red,195,10,0
Red,195,10,0
Red,195,10,0
Red,195,10,5
Red,195,10,10
Red,200,0,0
Red,200,0,0
Red,200,0,0
Red,200,0,5
Red,200,0,10
Red,200,0,0
Red,200,0,0
Red,200,0,0
Red,200,0,5
Red,200,0,10
Red,200,0,0
Red,200,0,0
Red,200,0,0
Red,200,0,5
Red,200,0,10
Red,200,5,0
Red,200,5,0
Red,200,5,0
Red,200,5,5
Red,200,5,10
Red,200,10,0
Red,200,10,0
Red,200,10,0
Red,200,10,5
Red,200,10,10
Red,205,0,0
Red,205,0,0
Red,205,0,0
Red,205,0,5
Red,205,0,10
Red,205,0,0
Red,205,0,0
Red,205,0,0
Red,205,0,5
Red,205,0,10
Red,205,0,0
Red,205,0,0
Red,205,0,0
Red,205,0,5
Red,205,0,10
Red,205,5,0
Red,205,5,0
Red,205,5,0
Red,205,5,5
Red,205,5,10
Red,205,10,0
Red,205,10,0
Red,205,10,0
Red,205,10,5
Red,205,10,10
Red,210,0,0
Red,210,0,0
Red,210,0,0
Red,210,0,5
Red,210,0,10
Red,210,0,0
Red,210,0,0
Red,210,0,0
Red,210,0,5
Red,210,0,10
Red,210,0,0
Red,210,0,0
Red,210,0,0
Red,210,0,5
Red,210,0,10
Red,210,5,0
Red,210,5,0
Red,210,5,0
Red,210,5,5
Red,210,5,10
Red,210,10,0
Red,210,10,0
Red,210,10,0
Red,210,10,5
Red,210,10,10
Red,170,20,20
Red,170,20,25
Red,170,20,30
Red,170,20,35
Red,170,20,40
Red,170,25,20
Red,170,25,25
Red,170,25,30
Red,170,25,35
Red,170,25,40
Red,170,30,20
Red,170,30,25
Red,170,30,30
Red,170,30,35
Red,170,30,40
Red,170,35,20
Red,170,35,25
Red,170,35,30
Red,170,35,35
Red,170,35,40
Red,170,40,20
Red,170,40,25
Red,170,40,30
Red,170,40,35
Red,170,40,40
Red,175,20,20
Red,175,20,25
Red,175,20,30
Red,175,20,35
Red,175,20,40
Red,175,25,20
Red,175,25,25
Red,175,25,30
Red,175,25,35
Red,175,25,40
Red,175,30,20
Red,175,30,25
Red,175,30,30
Red,175,30,35
Red,175,30,40
Red,175,35,20
Red,175,35,25
Red,175,35,30
Red,175,35,35
Red,175,35,40
Red,175,40,20
Red,175,40,25
Red,175,40,30
Red,175,40,35
Red,175,40,40
Red,180,20,20
Red,180,20,25
Red,180,20,30
Red,180,20,35
Red,180,20,40
Red,180,25,20
Red,180,25,25
Red,180,25,30
Red,180,25,35
Red,180,25,40
Red,180,30,20
Red,180,30,25
Red,180,30,30
Red,180,30,35
Red,180,30,40
Red,180,35,20
Red,180,35,25
Red,180,35,30
Red,180,35,35
Red,180,35,40
Red,180,40,20
Red,180,40,25
Red,180,40,30
Red,180,40,35
Red,180,40,40
Red,185,20,20
Red,185,20,25
Red,185,20,30
Red,185,20,35
Red,185,20,40
Red,185,25,20
Red,185,25,25
Red,185,25,30
Red,185,25,35
Red,185,25,40
Red,185,30,20
Red,185,30,25
Red,185,30,30
Red,185,30,35
Red,185,30,40
Red,185,35,20
Red,185,35,25
Red,185,35,30
Red,185,35,35
Red,185,35,40
Red,185,40,20
Red,185,40,25
Red,185,40,30
Red,185,40,35
Red,185,40,40
Red,190,20,20
Red,190,20,25
Red,190,20,30
Red,190,20,35
Red,190,20,40
Red,190,25,20
Red,190,25,25
Red,190,25,30
Red,190,25,35
Red,190,25,40
Red,190,30,20
Red,190,30,25
Red,190,30,30
Red,190,30,35
Red,190,30,40
Red,190,35,20
Red,190,35,25
Red,190,35,30
Red,190,35,35
Red,190,35,40
Red,190,40,20
Red,190,40,25
Red,190,40,30
Red,190,40,35
Red,190,40,40
Green,0,245,0
Green,0,245,0
Green,0,245,0
Green,0,245,5
Green,0,245,10
Green,0,250,0
Green,0,250,0
Green,0,250,0
Green,0,250,5
Green,0,250,10
Green,0,255,0
Green,0,255,0
Green,0,255,0
Green,0,255,5
Green,0,255,10
Green,0,255,0
Green,0,255,0
Green,0,255,0
Green,0,255,5
Green,0,255,10
Green,0,255,0
Green,0,255,0
Green,0,255,0
Green,0,255,5
Green,0,255,10
Green,0,245,0
Green,0,245,0
Green,0,245,0
Green,0,245,5
Green,0,245,10
Green,0,250,0
Green,0,250,0
Green,0,250,0
Green,0,250,5
Green,0,250,10
Green,0,255,0
Green,0,255,0
Green,0,255,0
Green,0,255,5
Green,0,255,10
Green,0,255,0
Green,0,255,0
Green,0,255,0
Green,0,255,5
Green,0,255,10
Green,0,255,0
Green,0,255,0
Green,0,255,0
Green,0,255,5
Green,0,255,10
Green,0,245,0
Green,0,245,0
Green,0,245,0
Green,0,245,5
Green,0,245,10
Green,0,250,0
Green,0,250,0
Green,0,250,0
Green,0,250,5
Green,0,250,10
Green,0,255,0
Green,0,255,0
Green,0,255,0
Green,0,255,5
Green,0,255,10
Green,0,255,0
Green,0,255,0
Green,0,255,0
Green,0,255,5
Green,0,255,10
Green,0,255,0
Green,0,255,0
Green,0,255,0
Green,0,255,5
Green,0,255,10
Green,5,245,0
Green,5,245,0
Green,5,245,0
Green,5,245,5
Green,5,245,10
Green,5,250,0
Green,5,250,0
Green,5,250,0
Green,5,250,5
Green,5,250,10
Green,5,255,0
Green,5,255,0
Green,5,255,0
Green,5,255,5
Green,5,255,10
Green,5,255,0
Green,5,255,0
Green,5,255,0
Green,5,255,5
Green,5,255,10
Green,5,255,0
Green,5,255,0
Green,5,255,0
Green,5,255,5
Green,5,255,10
Green,10,245,0
Green,10,245,0
Green,10,245,0
Green,10,245,5
Green,10,245,10
Green,10,250,0
Green,10,250,0
Green,10,250,0
Green,10,250,5
Green,10,250,10
Green,10,255,0
Green,10,255,0
Green,10,255,0
Green,10,255,5
Green,10,255,10
Green,10,255,0
Green,10,255,0
Green,10,255,0
Green,10,255,5
Green,10,255,10
Green,10,255,0
Green,10,255,0
Green,10,255,0
Green,10,255,5
Green,10,255,10
Green,0,190,0
Green,0,190,0
Green,0,190,0
Green,0,190,5
Green,0,190,10
Green,0,195,0
Green,0,195,0
Green,0,195,0
Green,0,195,5
Green,0,195,10
Green,0,200,0
Green,0,200,0
Green,0,200,0
Green,0,200,5
Green,0,200,10
Green,0,205,0
Green,0,205,0
Green,0,205,0
Green,0,205,5
Green,0,205,10
Green,0,210,0
Green,0,210,0
Green,0,210,0
Green,0,210,5
Green,0,210,10
Green,0,190,0
Green,0,190,0
Green,0,190,0
Green,0,190,5
Green,0,190,10
Green,0,195,0
Green,0,195,0
Green,0,195,0
Green,0,195,5
Green,0,195,10
Green,0,200,0
Green,0,200,0
Green,0,200,0
Green,0,200,5
Green,0,200,10
Green,0,205,0
Green,0,205,0
Green,0,205,0
Green,0,205,5
Green,0,205,10
Green,0,210,0
Green,0,210,0
Green,0,210,0
Green,0,210,5
Green,0,210,10
Green,0,190,0
Green,0,190,0
Green,0,190,0
Green,0,190,5
Green,0,190,10
Green,0,195,0
Green,0,195,0
Green,0,195,0
Green,0,195,5
Green,0,195,10
Green,0,200,0
Green,0,200,0
Green,0,200,0
Green,0,200,5
Green,0,200,10
Green,0,205,0
Green,0,205,0
Green,0,205,0
Green,0,205,5
Green,0,205,10
Green,0,210,0
Green,0,210,0
Green,0,210,0
Green,0,210,5
Green,0,210,10
Green,5,190,0
Green,5,190,0
Green,5,190,0
Green,5,190,5
Green,5,190,10
Green,5,195,0
Green,5,195,0
Green,5,195,0
Green,5,195,5
Green,5,195,10
Green,5,200,0
Green,5,200,0
Green,5,200,0
Green,5,200,5
Green,5,200,10
Green,5,205,0
Green,5,205,0
Green,5,205,0
Green,5,205,5
Green,5,205,10
Green,5,210,0
Green,5,210,0
Green,5,210,0
Green,5,210,5
Green,5,210,10
Green,10,190,0
Green,10,190,0
Green,10,190,0
Green,10,190,5
Green,10,190,10
Green,10,195,0
Green,10,195,0
Green,10,195,0
Green,10,195,5
Green,10,195,10
Green,10,200,0
Green,10,200,0
Green,10,200,0
Green,10,200,5
Green,10,200,10
Green,10,205,0
Green,10,205,0
Green,10,205,0
Green,10,205,5
Green,10,205,10
Green,10,210,0
Green,10,210,0
Green,10,210,0
Green,10,210,5
Green,10,210,10
Green,50,169,103
Green,50,169,108
Green,50,169,113
Green,50,169,118
Green,50,169,123
Green,50,174,103
Green,50,174,108
Green,50,174,113
Green,50,174,118
Green,50,174,123
Green,50,179,103
Green,50,179,108
Green,50,179,113
Green,50,179,118
Green,50,179,123
Green,50,184,103
Green,50,184,108
Green,50,184,113
Green,50,184,118
Green,50,184,123
Green,50,189,103
Green,50,189,108
Green,50,189,113
Green,50,189,118
Green,50,189,123
Green,55,169,103
Green,55,169,108
Green,55,169,113
Green,55,169,118
Green,55,169,123
Green,55,174,103
Green,55,174,108
Green,55,174,113
Green,55,174,118
Green,55,174,123
Green,55,179,103
Green,55,179,108
Green,55,179,113
Green,55,179,118
Green,55,179,123
Green,55,184,103
Green,55,184,108
Green,55,184,113
Green,55,184,118
Green,55,184,123
Green,55,189,103
Green,55,189,108
Green,55,189,113
Green,55,189,118
Green,55,189,123
Green,60,169,103
Green,60,169,108
Green,60,169,113
Green,60,169,118
Green,60,169,123
Green,60,174,103
Green,60,174,108
Green,60,174,113
Green,60,174,118
Green,60,174,123
Green,60,179,103
Green,60,179,108
Green,60,179,113
Green,60,179,118
Green,60,179,123
Green,60,184,103
Green,60,184,108
Green,60,184,113
Green,60,184,118
Green,60,184,123
Green,60,189,103
Green,60,189,108
Green,60,189,113
Green,60,189,118
Green,60,189,123
Green,65,169,103
Green,65,169,108
Green,65,169,113
Green,65,169,118
Green,65,169,123
Green,65,174,103
Green,65,174,108
Green,65,174,113
Green,65,174,118
Green,65,174,123
Green,65,179,103
Green,65,179,108
Green,65,179,113
Green,65,179,118
Green,65,179,123
Green,65,184,103
Green,65,184,108
Green,65,184,113
Green,65,184,118
Green,65,184,123
Green,65,189,103
Green,65,189,108
Green,65,189,113
Green,65,189,118
Green,65,189,123
Green,70,169,103
Green,70,169,108
Green,70,169,113
Green,70,169,118
Green,70,169,123
Green,70,174,103
Green,70,174,108
Green,70,174,113
Green,70,174,118
Green,70,174,123
Green,70,179,103
Green,70,179,108
Green,70,179,113
Green,70,179,118
Green,70,179,123
Green,70,184,103
Green,70,184,108
Green,70,184,113
Green,70,184,118
Green,70,184,123
Green,70,189,103
Green,70,189,108
Green,70,189,113
Green,70,189,118
Green,70,189,123
Blue,0,0,245
Blue,0,0,250
Blue,0,0,255
Blue,0,0,255
Blue,0,0,255
Blue,0,0,245
Blue,0,0,250
Blue,0,0,255
Blue,0,0,255
Blue,0,0,255
Blue,0,0,245
Blue,0,0,250
Blue,0,0,255
Blue,0,0,255
Blue,0,0,255
Blue,0,5,245
Blue,0,5,250
Blue,0,5,255
Blue,0,5,255
Blue,0,5,255
Blue,0,10,245
Blue,0,10,250
Blue,0,10,255
Blue,0,10,255
Blue,0,10,255
Blue,0,0,245
Blue,0,0,250
Blue,0,0,255
Blue,0,0,255
Blue,0,0,255
Blue,0,0,245
Blue,0,0,250
Blue,0,0,255
Blue,0,0,255
Blue,0,0,255
Blue,0,0,245
Blue,0,0,250
Blue,0,0,255
Blue,0,0,255
Blue,0,0,255
Blue,0,5,245
Blue,0,5,250
Blue,0,5,255
Blue,0,5,255
Blue,0,5,255
Blue,0,10,245
Blue,0,10,250
Blue,0,10,255
Blue,0,10,255
Blue,0,10,255
Blue,0,0,245
Blue,0,0,250
Blue,0,0,255
Blue,0,0,255
Blue,0,0,255
Blue,0,0,245
Blue,0,0,250
Blue,0,0,255
Blue,0,0,255
Blue,0,0,255
Blue,0,0,245
Blue,0,0,250
Blue,0,0,255
Blue,0,0,255
Blue,0,0,255
Blue,0,5,245
Blue,0,5,250
Blue,0,5,255
Blue,0,5,255
Blue,0,5,255
Blue,0,10,245
Blue,0,10,250
Blue,0,10,255
Blue,0,10,255
Blue,0,10,255
Blue,5,0,245
Blue,5,0,250
Blue,5,0,255
Blue,5,0,255
Blue,5,0,255
Blue,5,0,245
Blue,5,0,250
Blue,5,0,255
Blue,5,0,255
Blue,5,0,255
Blue,5,0,245
Blue,5,0,250
Blue,5,0,255
Blue,5,0,255
Blue,5,0,255
Blue,5,5,245
Blue,5,5,250
Blue,5,5,255
Blue,5,5,255
Blue,5,5,255
Blue,5,10,245
Blue,5,10,250
Blue,5,10,255
Blue,5,10,255
Blue,5,10,255
Blue,10,0,245
Blue,10,0,250
Blue,10,0,255
Blue,10,0,255
Blue,10,0,255
Blue,10,0,245
Blue,10,0,250
Blue,10,0,255
Blue,10,0,255
Blue,10,0,255
Blue,10,0,245
Blue,10,0,250
Blue,10,0,255
Blue,10,0,255
Blue,10,0,255
Blue,10,5,245
Blue,10,5,250
Blue,10,5,255
Blue,10,5,255
Blue,10,5,255
Blue,10,10,245
Blue,10,10,250
Blue,10,10,255
Blue,10,10,255
Blue,10,10,255
Blue,0,0,190
Blue,0,0,195
Blue,0,0,200
Blue,0,0,205
Blue,0,0,210
Blue,0,0,190
Blue,0,0,195
Blue,0,0,200
Blue,0,0,205
Blue,0,0,210
Blue,0,0,190
Blue,0,0,195
Blue,0,0,200
Blue,0,0,205
Blue,0,0,210
Blue,0,5,190
Blue,0,5,195
Blue,0,5,200
Blue,0,5,205
Blue,0,5,210
Blue,0,10,190
Blue,0,10,195
Blue,0,10,200
Blue,0,10,205
Blue,0,10,210
Blue,0,0,190
Blue,0,0,195
Blue,0,0,200
Blue,0,0,205
Blue,0,0,210
Blue,0,0,190
Blue,0,0,195
Blue,0,0,200
Blue,0,0,205
Blue,0,0,210
Blue,0,0,190
Blue,0,0,195
Blue,0,0,200
Blue,0,0,205
Blue,0,0,210
Blue,0,5,190
Blue,0,5,195
Blue,0,5,200
Blue,0,5,205
Blue,0,5,210
Blue,0,10,190
Blue,0,10,195
Blue,0,10,200
Blue,0,10,205
Blue,0,10,210
Blue,0,0,190
Blue,0,0,195
Blue,0,0,200
Blue,0,0,205
Blue,0,0,210
Blue,0,0,190
Blue,0,0,195
Blue,0,0,200
Blue,0,0,205
Blue,0,0,210
Blue,0,0,190
Blue,0,0,195
Blue,0,0,200
Blue,0,0,205
Blue,0,0,210
Blue,0,5,190
Blue,0,5,195
Blue,0,5,200
Blue,0,5,205
Blue,0,5,210
Blue,0,10,190
Blue,0,10,195
Blue,0,10,200
Blue,0,10,205
Blue,0,10,210
Blue,5,0,190
Blue,5,0,195
Blue,5,0,200
Blue,5,0,205
Blue,5,0,210
Blue,5,0,190
Blue,5,0,195
Blue,5,0,200
Blue,5,0,205
Blue,5,0,210
Blue,5,0,190
Blue,5,0,195
Blue,5,0,200
Blue,5,0,205
Blue,5,0,210
Blue,5,5,190
Blue,5,5,195
Blue,5,5,200
Blue,5,5,205
Blue,5,5,210
Blue,5,10,190
Blue,5,10,195
Blue,5,10,200
Blue,5,10,205
Blue,5,10,210
Blue,10,0,190
Blue,10,0,195
Blue,10,0,200
Blue,10,0,205
Blue,10,0,210
Blue,10,0,190
Blue,10,0,195
Blue,10,0,200
Blue,10,0,205
Blue,10,0,210
Blue,10,0,190
Blue,10,0,195
Blue,10,0,200
Blue,10,0,205
Blue,10,0,210
Blue,10,5,190
Blue,10,5,195
Blue,10,5,200
Blue,10,5,205
Blue,10,5,210
Blue,10,10,190
Blue,10,10,195
Blue,10,10,200
Blue,10,10,205
Blue,10,10,210
Blue,20,134,245
Blue,20,134,250
Blue,20,134,255
Blue,20,134,255
Blue,20,134,255
Blue,20,139,245
Blue,20,139,250
Blue,20,139,255
Blue,20,139,255
Blue,20,139,255
Blue,20,144,245
Blue,20,144,250
Blue,20,144,255
Blue,20,144,255
Blue,20,144,255
Blue,20,149,245
Blue,20,149,250
Blue,20,149,255
Blue,20,149,255
Blue,20,149,255
Blue,20,154,245
Blue,20,154,250
Blue,20,154,255
Blue,20,154,255
Blue,20,154,255
Blue,25,134,245
Blue,25,134,250
Blue,25,134,255
Blue,25,134,255
Blue,25,134,255
Blue,25,139,245
Blue,25,139,250
Blue,25,139,255
Blue,25,139,255
Blue,25,139,255
Blue,25,144,245
Blue,25,144,250
Blue,25,144,255
Blue,25,144,255
Blue,25,144,255
Blue,25,149,245
Blue,25,149,250
Blue,25,149,255
Blue,25,149,255
Blue,25,149,255
Blue,25,154,245
Blue,25,154,250
Blue,25,154,255
Blue,25,154,255
Blue,25,154,255
Blue,30,134,245
Blue,30,134,250
Blue,30,134,255
Blue,30,134,255
Blue,30,134,255
Blue,30,139,245
Blue,30,139,250
Blue,30,139,255
Blue,30,139,255
Blue,30,139,255
Blue,30,144,245
Blue,30,144,250
Blue,30,144,255
Blue,30,144,255
Blue,30,144,255
Blue,30,149,245
Blue,30,149,250
Blue,30,149,255
Blue,30,149,255
Blue,30,149,255
Blue,30,154,245
Blue,30,154,250
Blue,30,154,255
Blue,30,154,255
Blue,30,154,255
Blue,35,134,245
Blue,35,134,250
Blue,35,134,255
Blue,35,134,255
Blue,35,134,255
Blue,35,139,245
Blue,35,139,250
Blue,35,139,255
Blue,35,139,255
Blue,35,139,255
Blue,35,144,245
Blue,35,144,250
Blue,35,144,255
Blue,35,144,255
Blue,35,144,255
Blue,35,149,245
Blue,35,149,250
Blue,35,149,255
Blue,35,149,255
Blue,35,149,255
Blue,35,154,245
Blue,35,154,250
Blue,35,154,255
Blue,35,154,255
Blue,35,154,255
Blue,40,134,245
Blue,40,134,250
Blue,40,134,255
Blue,40,134,255
Blue,40,134,255
Blue,40,139,245
Blue,40,139,250
Blue,40,139,255
Blue,40,139,255
Blue,40,139,255
Blue,40,144,245
Blue,40,144,250
Blue,40,144,255
Blue,40,144,255
Blue,40,144,255
Blue,40,149,245
Blue,40,149,250
Blue,40,149,255
Blue,40,149,255
Blue,40,149,255
Blue,40,154,245
Blue,40,154,250
Blue,40,154,255
Blue,40,154,255
Blue,40,154,255
Yellow,245,245,0
Yellow,245,245,0
Yellow,245,245,0
Yellow,245,245,5
Yellow,245,245,10
Yellow,245,250,0
Yellow,245,250,0
Yellow,245,250,0
Yellow,245,250,5
Yellow,245,250,10
Yellow,245,255,0
Yellow,245,255,0
Yellow,245,255,0
Yellow,245,255,5
Yellow,245,255,10
Yellow,245,255,0
Yellow,245,255,0
Yellow,245,255,0
Yellow,245,255,5
Yellow,245,255,10
Yellow,245,255,0
Yellow,245,255,0
Yellow,245,255,0
Yellow,245,255,5
Yellow,245,255,10
Yellow,250,245,0
Yellow,250,245,0
Yellow,250,245,0
Yellow,250,245,5
Yellow,250,245,10
Yellow,250,250,0
Yellow,250,250,0
Yellow,250,250,0
Yellow,250,250,5
Yellow,250,250,10
Yellow,250,255,0
Yellow,250,255,0
Yellow,250,255,0
Yellow,250,255,5
Yellow,250,255,10
Yellow,250,255,0
Yellow,250,255,0
Yellow,250,255,0
Yellow,250,255,5
Yellow,250,255,10
Yellow,250,255,0
Yellow,250,255,0
Yellow,250,255,0
Yellow,250,255,5
Yellow,250,255,10
Yellow,255,245,0
Yellow,255,245,0
Yellow,255,245,0
Yellow,255,245,5
Yellow,255,245,10
Yellow,255,250,0
Yellow,255,250,0
Yellow,255,250,0
Yellow,255,250,5
Yellow,255,250,10
Yellow,255,255,0
Yellow,255,255,0
Yellow,255,255,0
Yellow,255,255,5
Yellow,255,255,10
Yellow,255,255,0
Yellow,255,255,0
Yellow,255,255,0
Yellow,255,255,5
Yellow,255,255,10
Yellow,255,255,0
Yellow,255,255,0
Yellow,255,255,0
Yellow,255,255,5
Yellow,255,255,10
Yellow,255,245,0
Yellow,255,245,0
Yellow,255,245,0
Yellow,255,245,5
Yellow,255,245,10
Yellow,255,250,0
Yellow,255,250,0
Yellow,255,250,0
Yellow,255,250,5
Yellow,255,250,10
Yellow,255,255,0
Yellow,255,255,0
Yellow,255,255,0
Yellow,255,255,5
Yellow,255,255,10
Yellow,255,255,0
Yellow,255,255,0
Yellow,255,255,0
Yellow,255,255,5
Yellow,255,255,10
Yellow,255,255,0
Yellow,255,255,0
Yellow,255,255,0
Yellow,255,255,5
Yellow,255,255,10
Yellow,255,245,0
Yellow,255,245,0
Yellow,255,245,0
Yellow,255,245,5
Yellow,255,245,10
Yellow,255,250,0
Yellow,255,250,0
Yellow,255,250,0
Yellow,255,250,5
Yellow,255,250,10
Yellow,255,255,0
Yellow,255,255,0
Yellow,255,255,0
Yellow,255,255,5
Yellow,255,255,10
Yellow,255,255,0
Yellow,255,255,0
Yellow,255,255,0
Yellow,255,255,5
Yellow,255,255,10
Yellow,255,255,0
Yellow,255,255,0
Yellow,255,255,0
Yellow,255,255,5
Yellow,255,255,10
Yellow,245,245,92
Yellow,245,245,97
Yellow,245,245,102
Yellow,245,245,107
Yellow,245,245,112
Yellow,245,250,92
Yellow,245,250,97
Yellow,245,250,102
Yellow,245,250,107
Yellow,245,250,112
Yellow,245,255,92
Yellow,245,255,97
Yellow,245,255,102
Yellow,245,255,107
Yellow,245,255,112
Yellow,245,255,92
Yellow,245,255,97
Yellow,245,255,102
Yellow,245,255,107
Yellow,245,255,112
Yellow,245,255,92
Yellow,245,255,97
Yellow,245,255,102
Yellow,245,255,107
Yellow,245,255,112
Yellow,250,245,92
Yellow,250,245,97
Yellow,250,245,102
Yellow,250,245,107
Yellow,250,245,112
Yellow,250,250,92
Yellow,250,250,97
Yellow,250,250,102
Yellow,250,250,107
Yellow,250,250,112
Yellow,250,255,92
Yellow,250,255,97
Yellow,250,255,102
Yellow,250,255,107
Yellow,250,255,112
Yellow,250,255,92
Yellow,250,255,97
Yellow,250,255,102
Yellow,250,255,107
Yellow,250,255,112
Yellow,250,255,92
Yellow,250,255,97
Yellow,250,255,102
Yellow,250,255,107
Yellow,250,255,112
Yellow,255,245,92
Yellow,255,245,97
Yellow,255,245,102
Yellow,255,245,107
Yellow,255,245,112
Yellow,255,250,92
Yellow,255,250,97
Yellow,255,250,102
Yellow,255,250,107
Yellow,255,250,112
Yellow,255,255,92
Yellow,255,255,97
Yellow,255,255,102
Yellow,255,255,107
Yellow,255,255,112
Yellow,255,255,92
Yellow,255,255,97
Yellow,255,255,102
Yellow,255,255,107
Yellow,255,255,112
Yellow,255,255,92
Yellow,255,255,97
Yellow,255,255,102
Yellow,255,255,107
Yellow,255,255,112
Yellow,255,245,92
Yellow,255,245,97
Yellow,255,245,102
Yellow,255,245,107
Yellow,255,245,112
Yellow,255,250,92
Yellow,255,250,97
Yellow,255,250,102
Yellow,255,250,107
Yellow,255,250,112
Yellow,255,255,92
Yellow,255,255,97
Yellow,255,255,102
Yellow,255,255,107
Yellow,255,255,112
Yellow,255,255,92
Yellow,255,255,97
Yellow,255,255,102
Yellow,255,255,107
Yellow,255,255,112
Yellow,255,255,92
Yellow,255,255,97
Yellow,255,255,102
Yellow,255,255,107
Yellow,255,255,112
Yellow,255,245,92
Yellow,255,245,97
Yellow,255,245,102
Yellow,255,245,107
Yellow,255,245,112
Yellow,255,250,92
Yellow,255,250,97
Yellow,255,250,102
Yellow,255,250,107
Yellow,255,250,112
Yellow,255,255,92
Yellow,255,255,97
Yellow,255,255,102
Yellow,255,255,107
Yellow,255,255,112
Yellow,255,255,92
Yellow,255,255,97
Yellow,255,255,102
Yellow,255,255,107
Yellow,255,255,112
Yellow,255,255,92
Yellow,255,255,97
Yellow,255,255,102
Yellow,255,255,107
Yellow,255,255,112
Yellow,230,220,130
Yellow,230,220,135
Yellow,230,220,140
Yellow,230,220,145
Yellow,230,220,150
Yellow,230,225,130
Yellow,230,225,135
Yellow,230,225,140
Yellow,230,225,145
Yellow,230,225,150
Yellow,230,230,130
Yellow,230,230,135
Yellow,230,230,140
Yellow,230,230,145
Yellow,230,230,150
Yellow,230,235,130
Yellow,230,235,135
Yellow,230,235,140
Yellow,230,235,145
Yellow,230,235,150
Yellow,230,240,130
Yellow,230,240,135
Yellow,230,240,140
Yellow,230,240,145
Yellow,230,240,150
Yellow,235,220,130
Yellow,235,220,135
Yellow,235,220,140
Yellow,235,220,145
Yellow,235,220,150
Yellow,235,225,130
Yellow,235,225,135
Yellow,235,225,140
Yellow,235,225,145
Yellow,235,225,150
Yellow,235,230,130
Yellow,235,230,135
Yellow,235,230,140
Yellow,235,230,145
Yellow,235,230,150
Yellow,235,235,130
Yellow,235,235,135
Yellow,235,235,140
Yellow,235,235,145
Yellow,235,235,150
Yellow,235,240,130
Yellow,235,240,135
Yellow,235,240,140
Yellow,235,240,145
Yellow,235,240,150
Yellow,240,220,130
Yellow,240,220,135
Yellow,240,220,140
Yellow,240,220,145
Yellow,240,220,150
Yellow,240,225,130
Yellow,240,225,135
Yellow,240,225,140
Yellow,240,225,145
Yellow,240,225,150
Yellow,240,230,130
Yellow,240,230,135
Yellow,240,230,140
Yellow,240,230,145
Yellow,240,230,150
Yellow,240,235,130
Yellow,240,235,135
Yellow,240,235,140
Yellow,240,235,145
Yellow,240,235,150
Yellow,240,240,130
Yellow,240,240,135
Yellow,240,240,140
Yellow,240,240,145
Yellow,240,240,150
Yellow,245,220,130
Yellow,245,220,135
Yellow,245,220,140
Yellow,245,220,145
Yellow,245,220,150
Yellow,245,225,130
Yellow,245,225,135
Yellow,245,225,140
Yellow,245,225,145
Yellow,245,225,150
Yellow,245,230,130
Yellow,245,230,135
Yellow,245,230,140
Yellow,245,230,145
Yellow,245,230,150
Yellow,245,235,130
Yellow,245,235,135
Yellow,245,235,140
Yellow,245,235,145
Yellow,245,235,150
Yellow,245,240,130
Yellow,245,240,135
Yellow,245,240,140
Yellow,245,240,145
Yellow,245,240,150
Yellow,250,220,130
Yellow,250,220,135
Yellow,250,220,140
Yellow,250,220,145
Yellow,250,220,150
Yellow,250,225,130
Yellow,250,225,135
Yellow,250,225,140
Yellow,250,225,145
Yellow,250,225,150
Yellow,250,230,130
Yellow,250,230,135
Yellow,250,230,140
Yellow,250,230,145
Yellow,250,230,150
Yellow,250,235,130
Yellow,250,235,135
Yellow,250,235,140
Yellow,250,235,145
Yellow,250,235,150
Yellow,250,240,130
Yellow,250,240,135
Yellow,250,240,140
Yellow,250,240,145
Yellow,250,240,150
Orange,245,155,0
Orange,245,155,0
Orange,245,155,0
Orange,245,155,5
Orange,245,155,10
Orange,245,160,0
Orange,245,160,0
Orange,245,160,0
Orange,245,160,5
Orange,245,160,10
Orange,245,165,0
Orange,245,165,0
Orange,245,165,0
Orange,245,165,5
Orange,245,165,10
Orange,245,170,0
Orange,245,170,0
Orange,245,170,0
Orange,245,170,5
Orange,245,170,10
Orange,245,175,0
Orange,245,175,0
Orange,245,175,0
Orange,245,175,5
Orange,245,175,10
Orange,250,155,0
Orange,250,155,0
Orange,250,155,0
Orange,250,155,5
Orange,250,155,10
Orange,250,160,0
Orange,250,160,0
Orange,250,160,0
Orange,250,160,5
Orange,250,160,10
Orange,250,165,0
Orange,250,165,0
Orange,250,165,0
Orange,250,165,5
Orange,250,165,10
Orange,250,170,0
Orange,250,170,0
Orange,250,170,0
Orange,250,170,5
Orange,250,170,10
Orange,250,175,0
Orange,250,175,0
Orange,250,175,0
Orange,250,175,5
Orange,250,175,10
Orange,255,155,0
Orange,255,155,0
Orange,255,155,0
Orange,255,155,5
Orange,255,155,10
Orange,255,160,0
Orange,255,160,0
Orange,255,160,0
Orange,255,160,5
Orange,255,160,10
Orange,255,165,0
Orange,255,165,0
Orange,255,165,0
Orange,255,165,5
Orange,255,165,10
Orange,255,170,0
Orange,255,170,0
Orange,255,170,0
Orange,255,170,5
Orange,255,170,10
Orange,255,175,0
Orange,255,175,0
Orange,255,175,0
Orange,255,175,5
Orange,255,175,10
Orange,255,155,0
Orange,255,155,0
Orange,255,155,0
Orange,255,155,5
Orange,255,155,10
Orange,255,160,0
Orange,255,160,0
Orange,255,160,0
Orange,255,160,5
Orange,255,160,10
Orange,255,165,0
Orange,255,165,0
Orange,255,165,0
Orange,255,165,5
Orange,255,165,10
Orange,255,170,0
Orange,255,170,0
Orange,255,170,0
Orange,255,170,5
Orange,255,170,10
Orange,255,175,0
Orange,255,175,0
Orange,255,175,0
Orange,255,175,5
Orange,255,175,10
Orange,255,155,0
Orange,255,155,0
Orange,255,155,0
Orange,255,155,5
Orange,255,155,10
Orange,255,160,0
Orange,255,160,0
Orange,255,160,0
Orange,255,160,5
Orange,255,160,10
Orange,255,165,0
Orange,255,165,0
Orange,255,165,0
Orange,255,165,5
Orange,255,165,10
Orange,255,170,0
Orange,255,170,0
Orange,255,170,0
Orange,255,170,5
Orange,255,170,10
Orange,255,175,0
Orange,255,175,0
Orange,255,175,0
Orange,255,175,5
Orange,255,175,10
Orange,245,130,0
Orange,245,130,0
Orange,245,130,0
Orange,245,130,5
Orange,245,130,10
Orange,245,135,0
Orange,245,135,0
Orange,245,135,0
Orange,245,135,5
Orange,245,135,10
Orange,245,140,0
Orange,245,140,0
Orange,245,140,0
Orange,245,140,5
Orange,245,140,10
Orange,245,145,0
Orange,245,145,0
Orange,245,145,0
Orange,245,145,5
Orange,245,145,10
Orange,245,150,0
Orange,245,150,0
Orange,245,150,0
Orange,245,150,5
Orange,245,150,10
Orange,250,130,0
Orange,250,130,0
Orange,250,130,0
Orange,250,130,5
Orange,250,130,10
Orange,250,135,0
Orange,250,135,0
Orange,250,135,0
Orange,250,135,5
Orange,250,135,10
Orange,250,140,0
Orange,250,140,0
Orange,250,140,0
Orange,250,140,5
Orange,250,140,10
Orange,250,145,0
Orange,250,145,0
Orange,250,145,0
Orange,250,145,5
Orange,250,145,10
Orange,250,150,0
Orange,250,150,0
Orange,250,150,0
Orange,250,150,5
Orange,250,150,10
Orange,255,130,0
Orange,255,130,0
Orange,255,130,0
Orange,255,130,5
Orange,255,130,10
Orange,255,135,0
Orange,255,135,0
Orange,255,135,0
Orange,255,135,5
Orange,255,135,10
Orange,255,140,0
Orange,255,140,0
Orange,255,140,0
Orange,255,140,5
Orange,255,140,10
Orange,255,145,0
Orange,255,145,0
Orange,255,145,0
Orange,255,145,5
Orange,255,145,10
Orange,255,150,0
Orange,255,150,0
Orange,255,150,0
Orange,255,150,5
Orange,255,150,10
Orange,255,130,0
Orange,255,130,0
Orange,255,130,0
Orange,255,130,5
Orange,255,130,10
Orange,255,135,0
Orange,255,135,0
Orange,255,135,0
Orange,255,135,5
Orange,255,135,10
Orange,255,140,0
Orange,255,140,0
Orange,255,140,0
Orange,255,140,5
Orange,255,140,10
Orange,255,145,0
Orange,255,145,0
Orange,255,145,0
Orange,255,145,5
Orange,255,145,10
Orange,255,150,0
Orange,255,150,0
Orange,255,150,0
Orange,255,150,5
Orange,255,150,10
Orange,255,130,0
Orange,255,130,0
Orange,255,130,0
Orange,255,130,5
Orange,255,130,10
Orange,255,135,0
Orange,255,135,0
Orange,255,135,0
Orange,255,135,5
Orange,255,135,10
Orange,255,140,0
Orange,255,140,0
Orange,255,140,0
Orange,255,140,5
Orange,255,140,10
Orange,255,145,0
Orange,255,145,0
Orange,255,145,0
Orange,255,145,5
Orange,255,145,10
Orange,255,150,0
Orange,255,150,0
Orange,255,150,0
Orange,255,150,5
Orange,255,150,10
Orange,245,110,30
Orange,245,110,35
Orange,245,110,40
Orange,245,110,45
Orange,245,110,50
Orange,245,115,30
Orange,245,115,35
Orange,245,115,40
Orange,245,115,45
Orange,245,115,50
Orange,245,120,30
Orange,245,120,35
Orange,245,120,40
Orange,245,120,45
Orange,245,120,50
Orange,245,125,30
Orange,245,125,35
Orange,245,125,40
Orange,245,125,45
Orange,245,125,50
Orange,245,130,30
Orange,245,130,35
Orange,245,130,40
Orange,245,130,45
Orange,245,130,50
Orange,250,110,30
Orange,250,110,35
Orange,250,110,40
Orange,250,110,45
Orange,250,110,50
Orange,250,115,30
Orange,250,115,35
Orange,250,115,40
Orange,250,115,45
Orange,250,115,50
Orange,250,120,30
Orange,250,120,35
Orange,250,120,40
Orange,250,120,45
Orange,250,120,50
Orange,250,125,30
Orange,250,125,35
Orange,250,125,40
Orange,250,125,45
Orange,250,125,50
Orange,250,130,30
Orange,250,130,35
Orange,250,130,40
Orange,250,130,45
Orange,250,130,50
Orange,255,110,30
Orange,255,110,35
Orange,255,110,40
Orange,255,110,45
Orange,255,110,50
Orange,255,115,30
Orange,255,115,35
Orange,255,115,40
Orange,255,115,45
Orange,255,115,50
Orange,255,120,30
Orange,255,120,35
Orange,255,120,40
Orange,255,120,45
Orange,255,120,50
Orange,255,125,30
Orange,255,125,35
Orange,255,125,40
Orange,255,125,45
Orange,255,125,50
Orange,255,130,30
Orange,255,130,35
Orange,255,130,40
Orange,255,130,45
Orange,255,130,50
Orange,255,110,30
Orange,255,110,35
Orange,255,110,40
Orange,255,110,45
Orange,255,110,50
Orange,255,115,30
Orange,255,115,35
Orange,255,115,40
Orange,255,115,45
Orange,255,115,50
Orange,255,120,30
Orange,255,120,35
Orange,255,120,40
Orange,255,120,45
Orange,255,120,50
Orange,255,125,30
Orange,255,125,35
Orange,255,125,40
Orange,255,125,45
Orange,255,125,50
Orange,255,130,30
Orange,255,130,35
Orange,255,130,40
Orange,255,130,45
Orange,255,130,50
Orange,255,110,30
Orange,255,110,35
Orange,255,110,40
Orange,255,110,45
Orange,255,110,50
Orange,255,115,30
Orange,255,115,35
Orange,255,115,40
Orange,255,115,45
Orange,255,115,50
Orange,255,120,30
Orange,255,120,35
Orange,255,120,40
Orange,255,120,45
Orange,255,120,50
Orange,255,125,30
Orange,255,125,35
Orange,255,125,40
Orange,255,125,45
Orange,255,125,50
Orange,255,130,30
Orange,255,130,35
Orange,255,130,40
Orange,255,130,45
Orange,255,130,50
Purple,118,0,118
Purple,118,0,123
Purple,118,0,128
Purple,118,0,133
Purple,118,0,138
Purple,118,0,118
Purple,118,0,123
Purple,118,0,128
Purple,118,0,133
Purple,118,0,138
Purple,118,0,118
Purple,118,0,123
Purple,118,0,128
Purple,118,0,133
Purple,118,0,138
Purple,118,5,118
Purple,118,5,123
Purple,118,5,128
Purple,118,5,133
Purple,118,5,138
Purple,118,10,118
Purple,118,10,123
Purple,118,10,128
Purple,118,10,133
Purple,118,10,138
Purple,123,0,118
Purple,123,0,123
Purple,123,0,128
Purple,123,0,133
Purple,123,0,138
Purple,123,0,118
Purple,123,0,123
Purple,123,0,128
Purple,123,0,133
Purple,123,0,138
Purple,123,0,118
Purple,123,0,123
Purple,123,0,128
Purple,123,0,133
Purple,123,0,138
Purple,123,5,118
Purple,123,5,123
Purple,123,5,128
Purple,123,5,133
Purple,123,5,138
Purple,123,10,118
Purple,123,10,123
Purple,123,10,128
Purple,123,10,133
Purple,123,10,138
Purple,128,0,118
Purple,128,0,123
Purple,128,0,128
Purple,128,0,133
Purple,128,0,138
Purple,128,0,118
Purple,128,0,123
Purple,128,0,128
Purple,128,0,133
Purple,128,0,138
Purple,128,0,118
Purple,128,0,123
Purple,128,0,128
Purple,128,0,133
Purple,128,0,138
Purple,128,5,118
Purple,128,5,123
Purple,128,5,128
Purple,128,5,133
Purple,128,5,138
Purple,128,10,118
Purple,128,10,123
Purple,128,10,128
Purple,128,10,133
Purple,128,10,138
Purple,133,0,118
Purple,133,0,123
Purple,133,0,128
Purple,133,0,133
Purple,133,0,138
Purple,133,0,118
Purple,133,0,123
Purple,133,0,128
Purple,133,0,133
Purple,133,0,138
Purple,133,0,118
Purple,133,0,123
Purple,133,0,128
Purple,133,0,133
Purple,133,0,138
Purple,133,5,118
Purple,133,5,123
Purple,133,5,128
Purple,133,5,133
Purple,133,5,138
Purple,133,10,118
Purple,133,10,123
Purple,133,10,128
Purple,133,10,133
Purple,133,10,138
Purple,138,0,118
Purple,138,0,123
Purple,138,0,128
Purple,138,0,133
Purple,138,0,138
Purple,138,0,118
Purple,138,0,123
Purple,138,0,128
Purple,138,0,133
Purple,138,0,138
Purple,138,0,118
Purple,138,0,123
Purple,138,0,128
Purple,138,0,133
Purple,138,0,138
Purple,138,5,118
Purple,138,5,123
Purple,138,5,128
Purple,138,5,133
Purple,138,5,138
Purple,138,10,118
Purple,138,10,123
Purple,138,10,128
Purple,138,10,133
Purple,138,10,138
Purple,137,102,209
Purple,137,102,214
Purple,137,102,219
Purple,137,102,224
Purple,137,102,229
Purple,137,107,209
Purple,137,107,214
Purple,137,107,219
Purple,137,107,224
Purple,137,107,229
Purple,137,112,209
Purple,137,112,214
Purple,137,112,219
Purple,137,112,224
Purple,137,112,229
Purple,137,117,209
Purple,137,117,214
Purple,137,117,219
Purple,137,117,224
Purple,137,117,229
Purple,137,122,209
Purple,137,122,214
Purple,137,122,219
Purple,137,122,224
Purple,137,122,229
Purple,142,102,209
Purple,142,102,214
Purple,142,102,219
Purple,142,102,224
Purple,142,102,229
Purple,142,107,209
Purple,142,107,214
Purple,142,107,219
Purple,142,107,224
Purple,142,107,229
Purple,142,112,209
Purple,142,112,214
Purple,142,112,219
Purple,142,112,224
Purple,142,112,229
Purple,142,117,209
Purple,142,117,214
Purple,142,117,219
Purple,142,117,224
Purple,142,117,229
Purple,142,122,209
Purple,142,122,214
Purple,142,122,219
Purple,142,122,224
Purple,142,122,229
Purple,147,102,209
Purple,147,102,214
Purple,147,102,219
Purple,147,102,224
Purple,147,102,229
Purple,147,107,209
Purple,147,107,214
Purple,147,107,219
Purple,147,107,224
Purple,147,107,229
Purple,147,112,209
Purple,147,112,214
Purple,147,112,219
Purple,147,112,224
Purple,147,112,229
Purple,147,117,209
Purple,147,117,214
Purple,147,117,219
Purple,147,117,224
Purple,147,117,229
Purple,147,122,209
Purple,147,122,214
Purple,147,122,219
Purple,147,122,224
Purple,147,122,229
Purple,152,102,209
Purple,152,102,214
Purple,152,102,219
Purple,152,102,224
Purple,152,102,229
Purple,152,107,209
Purple,152,107,214
Purple,152,107,219
Purple,152,107,224
Purple,152,107,229
Purple,152,112,209
Purple,152,112,214
Purple,152,112,219
Purple,152,112,224
Purple,152,112,229
Purple,152,117,209
Purple,152,117,214
Purple,152,117,219
Purple,152,117,224
Purple,152,117,229
Purple,152,122,209
Purple,152,122,214
Purple,152,122,219
Purple,152,122,224
Purple,152,122,229
Purple,157,102,209
Purple,157,102,214
Purple,157,102,219
Purple,157,102,224
Purple,157,102,229
Purple,157,107,209
Purple,157,107,214
Purple,157,107,219
Purple,157,107,224
Purple,157,107,229
Purple,157,112,209
Purple,157,112,214
Purple,157,112,219
Purple,157,112,224
Purple,157,112,229
Purple,157,117,209
Purple,157,117,214
Purple,157,117,219
Purple,157,117,224
Purple,157,117,229
Purple,157,122,209
Purple,157,122,214
Purple,157,122,219
Purple,157,122,224
Purple,157,122,229
Purple,128,33,216
Purple,128,33,221
Purple,128,33,226
Purple,128,33,231
Purple,128,33,236
Purple,128,38,216
Purple,128,38,221
Purple,128,38,226
Purple,128,38,231
Purple,128,38,236
Purple,128,43,216
Purple,128,43,221
Purple,128,43,226
Purple,128,43,231
Purple,128,43,236
Purple,128,48,216
Purple,128,48,221
Purple,128,48,226
Purple,128,48,231
Purple,128,48,236
Purple,128,53,216
Purple,128,53,221
Purple,128,53,226
Purple,128,53,231
Purple,128,53,236
Purple,133,33,216
Purple,133,33,221
Purple,133,33,226
Purple,133,33,231
Purple,133,33,236
Purple,133,38,216
Purple,133,38,221
Purple,133,38,226
Purple,133,38,231
Purple,133,38,236
Purple,133,43,216
Purple,133,43,221
Purple,133,43,226
Purple,133,43,231
Purple,133,43,236
Purple,133,48,216
Purple,133,48,221
Purple,133,48,226
Purple,133,48,231
Purple,133,48,236
Purple,133,53,216
Purple,133,53,221
Purple,133,53,226
Purple,133,53,231
Purple,133,53,236
Purple,138,33,216
Purple,138,33,221
Purple,138,33,226
Purple,138,33,231
Purple,138,33,236
Purple,138,38,216
Purple,138,38,221
Purple,138,38,226
Purple,138,38,231
Purple,138,38,236
Purple,138,43,216
Purple,138,43,221
Purple,138,43,226
Purple,138,43,231
Purple,138,43,236
Purple,138,48,216
Purple,138,48,221
Purple,138,48,226
Purple,138,48,231
Purple,138,48,236
Purple,138,53,216
Purple,138,53,221
Purple,138,53,226
Purple,138,53,231
Purple,138,53,236
Purple,143,33,216
Purple,143,33,221
Purple,143,33,226
Purple,143,33,231
Purple,143,33,236
Purple,143,38,216
Purple,143,38,221
Purple,143,38,226
Purple,143,38,231
Purple,143,38,236
Purple,143,43,216
Purple,143,43,221
Purple,143,43,226
Purple,143,43,231
Purple,143,43,236
Purple,143,48,216
Purple,143,48,221
Purple,143,48,226
Purple,143,48,231
Purple,143,48,236
Purple,143,53,216
Purple,143,53,221
Purple,143,53,226
Purple,143,53,231
Purple,143,53,236
Purple,148,33,216
Purple,148,33,221
Purple,148,33,226
Purple,148,33,231
Purple,148,33,236
Purple,148,38,216
Purple,148,38,221
Purple,148,38,226
Purple,148,38,231
Purple,148,38,236
Purple,148,43,216
Purple,148,43,221
Purple,148,43,226
Purple,148,43,231
Purple,148,43,236
Purple,148,48,216
Purple,148,48,221
Purple,148,48,226
Purple,148,48,231
Purple,148,48,236
Purple,148,53,216
Purple,148,53,221
Purple,148,53,226
Purple,148,53,231
Purple,148,53,236
Pink,245,182,193
Pink,245,182,198
Pink,245,182,203
Pink,245,182,208
Pink,245,182,213
Pink,245,187,193
Pink,245,187,198
Pink,245,187,203
Pink,245,187,208
Pink,245,187,213
Pink,245,192,193
Pink,245,192,198
Pink,245,192,203
Pink,245,192,208
Pink,245,192,213
Pink,245,197,193
Pink,245,197,198
Pink,245,197,203
Pink,245,197,208
Pink,245,197,213
Pink,245,202,193
Pink,245,202,198
Pink,245,202,203
Pink,245,202,208
Pink,245,202,213
Pink,250,182,193
Pink,250,182,198
Pink,250,182,203
Pink,250,182,208
Pink,250,182,213
Pink,250,187,193
Pink,250,187,198
Pink,250,187,203
Pink,250,187,208
Pink,250,187,213
Pink,250,192,193
Pink,250,192,198
Pink,250,192,203
Pink,250,192,208
Pink,250,192,213
Pink,250,197,193
Pink,250,197,198
Pink,250,197,203
Pink,250,197,208
Pink,250,197,213
Pink,250,202,193
Pink,250,202,198
Pink,250,202,203
Pink,250,202,208
Pink,250,202,213
Pink,255,182,193
Pink,255,182,198
Pink,255,182,203
Pink,255,182,208
Pink,255,182,213
Pink,255,187,193
Pink,255,187,198
Pink,255,187,203
Pink,255,187,208
Pink,255,187,213
Pink,255,192,193
Pink,255,192,198
Pink,255,192,203
Pink,255,192,208
Pink,255,192,213
Pink,255,197,193
Pink,255,197,198
Pink,255,197,203
Pink,255,197,208
Pink,255,197,213
Pink,255,202,193
Pink,255,202,198
Pink,255,202,203
Pink,255,202,208
Pink,255,202,213
Pink,255,182,193
Pink,255,182,198
Pink,255,182,203
Pink,255,182,208
Pink,255,182,213
Pink,255,187,193
Pink,255,187,198
Pink,255,187,203
Pink,255,187,208
Pink,255,187,213
Pink,255,192,193
Pink,255,192,198
Pink,255,192,203
Pink,255,192,208
Pink,255,192,213
Pink,255,197,193
Pink,255,197,198
Pink,255,197,203
Pink,255,197,208
Pink,255,197,213
Pink,255,202,193
Pink,255,202,198
Pink,255,202,203
Pink,255,202,208
Pink,255,202,213
Pink,255,182,193
Pink,255,182,198
Pink,255,182,203
Pink,255,182,208
Pink,255,182,213
Pink,255,187,193
Pink,255,187,198
Pink,255,187,203
Pink,255,187,208
Pink,255,187,213
Pink,255,192,193
Pink,255,192,198
Pink,255,192,203
Pink,255,192,208
Pink,255,192,213
Pink,255,197,193
Pink,255,197,198
Pink,255,197,203
Pink,255,197,208
Pink,255,197,213
Pink,255,202,193
Pink,255,202,198
Pink,255,202,203
Pink,255,202,208
Pink,255,202,213
Pink,245,95,170
Pink,245,95,175
Pink,245,95,180
Pink,245,95,185
Pink,245,95,190
Pink,245,100,170
Pink,245,100,175
Pink,245,100,180
Pink,245,100,185
Pink,245,100,190
Pink,245,105,170
Pink,245,105,175
Pink,245,105,180
Pink,245,105,185
Pink,245,105,190
Pink,245,110,170
Pink,245,110,175
Pink,245,110,180
Pink,245,110,185
Pink,245,110,190
Pink,245,115,170
Pink,245,115,175
Pink,245,115,180
Pink,245,115,185
Pink,245,115,190
Pink,250,95,170
Pink,250,95,175
Pink,250,95,180
Pink,250,95,185
Pink,250,95,190
Pink,250,100,170
Pink,250,100,175
Pink,250,100,180
Pink,250,100,185
Pink,250,100,190
Pink,250,105,170
Pink,250,105,175
Pink,250,105,180
Pink,250,105,185
Pink,250,105,190
Pink,250,110,170
Pink,250,110,175
Pink,250,110,180
Pink,250,110,185
Pink,250,110,190
Pink,250,115,170
Pink,250,115,175
Pink,250,115,180
Pink,250,115,185
Pink,250,115,190
Pink,255,95,170
Pink,255,95,175
Pink,255,95,180
Pink,255,95,185
Pink,255,95,190
Pink,255,100,170
Pink,255,100,175
Pink,255,100,180
Pink,255,100,185
Pink,255,100,190
Pink,255,105,170
Pink,255,105,175
Pink,255,105,180
Pink,255,105,185
Pink,255,105,190
Pink,255,110,170
Pink,255,110,175
Pink,255,110,180
Pink,255,110,185
Pink,255,110,190
Pink,255,115,170
Pink,255,115,175
Pink,255,115,180
Pink,255,115,185
Pink,255,115,190
Pink,255,95,170
Pink,255,95,175
Pink,255,95,180
Pink,255,95,185
Pink,255,95,190
Pink,255,100,170
Pink,255,100,175
Pink,255,100,180
Pink,255,100,185
Pink,255,100,190
Pink,255,105,170
Pink,255,105,175
Pink,255,105,180
Pink,255,105,185
Pink,255,105,190
Pink,255,110,170
Pink,255,110,175
Pink,255,110,180
Pink,255,110,185
Pink,255,110,190
Pink,255,115,170
Pink,255,115,175
Pink,255,115,180
Pink,255,115,185
Pink,255,115,190
Pink,255,95,170
Pink,255,95,175
Pink,255,95,180
Pink,255,95,185
Pink,255,95,190
Pink,255,100,170
Pink,255,100,175
Pink,255,100,180
Pink,255,100,185
Pink,255,100,190
Pink,255,105,170
Pink,255,105,175
Pink,255,105,180
Pink,255,105,185
Pink,255,105,190
Pink,255,110,170
Pink,255,110,175
Pink,255,110,180
Pink,255,110,185
Pink,255,110,190
Pink,255,115,170
Pink,255,115,175
Pink,255,115,180
Pink,255,115,185
Pink,255,115,190
Pink,245,172,183
Pink,245,172,188
Pink,245,172,193
Pink,245,172,198
Pink,245,172,203
Pink,245,177,183
Pink,245,177,188
Pink,245,177,193
Pink,245,177,198
Pink,245,177,203
Pink,245,182,183
Pink,245,182,188
Pink,245,182,193
Pink,245,182,198
Pink,245,182,203
Pink,245,187,183
Pink,245,187,188
Pink,245,187,193
Pink,245,187,198
Pink,245,187,203
Pink,245,192,183
Pink,245,192,188
Pink,245,192,193
Pink,245,192,198
Pink,245,192,203
Pink,250,172,183
Pink,250,172,188
Pink,250,172,193
Pink,250,172,198
Pink,250,172,203
Pink,250,177,183
Pink,250,177,188
Pink,250,177,193
Pink,250,177,198
Pink,250,177,203
Pink,250,182,183
Pink,250,182,188
Pink,250,182,193
Pink,250,182,198
Pink,250,182,203
Pink,250,187,183
Pink,250,187,188
Pink,250,187,193
Pink,250,187,198
Pink,250,187,203
Pink,250,192,183
Pink,250,192,188
Pink,250,192,193
Pink,250,192,198
Pink,250,192,203
Pink,255,172,183
Pink,255,172,188
Pink,255,172,193
Pink,255,172,198
Pink,255,172,203
Pink,255,177,183
Pink,255,177,188
Pink,255,177,193
Pink,255,177,198
Pink,255,177,203
Pink,255,182,183
Pink,255,182,188
Pink,255,182,193
Pink,255,182,198
Pink,255,182,203
Pink,255,187,183
Pink,255,187,188
Pink,255,187,193
Pink,255,187,198
Pink,255,187,203
Pink,255,192,183
Pink,255,192,188
Pink,255,192,193
Pink,255,192,198
Pink,255,192,203
Pink,255,172,183
Pink,255,172,188
Pink,255,172,193
Pink,255,172,198
Pink,255,172,203
Pink,255,177,183
Pink,255,177,188
Pink,255,177,193
Pink,255,177,198
Pink,255,177,203
Pink,255,182,183
Pink,255,182,188
Pink,255,182,193
Pink,255,182,198
Pink,255,182,203
Pink,255,187,183
Pink,255,187,188
Pink,255,187,193
Pink,255,187,198
Pink,255,187,203
Pink,255,192,183
Pink,255,192,188
Pink,255,192,193
Pink,255,192,198
Pink,255,192,203
Pink,255,172,183
Pink,255,172,188
Pink,255,172,193
Pink,255,172,198
Pink,255,172,203
Pink,255,177,183
Pink,255,177,188
Pink,255,177,193
Pink,255,177,198
Pink,255,177,203
Pink,255,182,183
Pink,255,182,188
Pink,255,182,193
Pink,255,182,198
Pink,255,182,203
Pink,255,187,183
Pink,255,187,188
Pink,255,187,193
Pink,255,187,198
Pink,255,187,203
Pink,255,192,183
Pink,255,192,188
Pink,255,192,193
Pink,255,192,198
Pink,255,192,203
Brown,129,59,9
Brown,129,59,14
Brown,129,59,19
Brown,129,59,24
Brown,129,59,29
Brown,129,64,9
Brown,129,64,14
Brown,129,64,19
Brown,129,64,24
Brown,129,64,29
Brown,129,69,9
Brown,129,69,14
Brown,129,69,19
Brown,129,69,24
Brown,129,69,29
Brown,129,74,9
Brown,129,74,14
Brown,129,74,19
Brown,129,74,24
Brown,129,74,29
Brown,129,79,9
Brown,129,79,14
Brown,129,79,19
Brown,129,79,24
Brown,129,79,29
Brown,134,59,9
Brown,134,59,14
Brown,134,59,19
Brown,134,59,24
Brown,134,59,29
Brown,134,64,9
Brown,134,64,14
Brown,134,64,19
Brown,134,64,24
Brown,134,64,29
Brown,134,69,9
Brown,134,69,14
Brown,134,69,19
Brown,134,69,24
Brown,134,69,29
Brown,134,74,9
Brown,134,74,14
Brown,134,74,19
Brown,134,74,24
Brown,134,74,29
Brown,134,79,9
Brown,134,79,14
Brown,134,79,19
Brown,134,79,24
Brown,134,79,29
Brown,139,59,9
Brown,139,59,14
Brown,139,59,19
Brown,139,59,24
Brown,139,59,29
Brown,139,64,9
Brown,139,64,14
Brown,139,64,19
Brown,139,64,24
Brown,139,64,29
Brown,139,69,9
Brown,139,69,14
Brown,139,69,19
Brown,139,69,24
Brown,139,69,29
Brown,139,74,9
Brown,139,74,14
Brown,139,74,19
Brown,139,74,24
Brown,139,74,29
Brown,139,79,9
Brown,139,79,14
Brown,139,79,19
Brown,139,79,24
Brown,139,79,29
Brown,144,59,9
Brown,144,59,14
Brown,144,59,19
Brown,144,59,24
Brown,144,59,29
Brown,144,64,9
Brown,144,64,14
Brown,144,64,19
Brown,144,64,24
Brown,144,64,29
Brown,144,69,9
Brown,144,69,14
Brown,144,69,19
Brown,144,69,24
Brown,144,69,29
Brown,144,74,9
Brown,144,74,14
Brown,144,74,19
Brown,144,74,24
Brown,144,74,29
Brown,144,79,9
Brown,144,79,14
Brown,144,79,19
Brown,144,79,24
Brown,144,79,29
Brown,149,59,9
Brown,149,59,14
Brown,149,59,19
Brown,149,59,24
Brown,149,59,29
Brown,149,64,9
Brown,149,64,14
Brown,149,64,19
Brown,149,64,24
Brown,149,64,29
Brown,149,69,9
Brown,149,69,14
Brown,149,69,19
Brown,149,69,24
Brown,149,69,29
Brown,149,74,9
Brown,149,74,14
Brown,149,74,19
Brown,149,74,24
Brown,149,74,29
Brown,149,79,9
Brown,149,79,14
Brown,149,79,19
Brown,149,79,24
Brown,149,79,29
Brown,150,72,35
Brown,150,72,40
Brown,150,72,45
Brown,150,72,50
Brown,150,72,55
Brown,150,77,35
Brown,150,77,40
Brown,150,77,45
Brown,150,77,50
Brown,150,77,55
Brown,150,82,35
Brown,150,82,40
Brown,150,82,45
Brown,150,82,50
Brown,150,82,55
Brown,150,87,35
Brown,150,87,40
Brown,150,87,45
Brown,150,87,50
Brown,150,87,55
Brown,150,92,35
Brown,150,92,40
Brown,150,92,45
Brown,150,92,50
Brown,150,92,55
Brown,155,72,35
Brown,155,72,40
Brown,155,72,45
Brown,155,72,50
Brown,155,72,55
Brown,155,77,35
Brown,155,77,40
Brown,155,77,45
Brown,155,77,50
Brown,155,77,55
Brown,155,82,35
Brown,155,82,40
Brown,155,82,45
Brown,155,82,50
Brown,155,82,55
Brown,155,87,35
Brown,155,87,40
Brown,155,87,45
Brown,155,87,50
Brown,155,87,55
Brown,155,92,35
Brown,155,92,40
Brown,155,92,45
Brown,155,92,50
Brown,155,92,55
Brown,160,72,35
Brown,160,72,40
Brown,160,72,45
Brown,160,72,50
Brown,160,72,55
Brown,160,77,35
Brown,160,77,40
Brown,160,77,45
Brown,160,77,50
Brown,160,77,55
Brown,160,82,35
Brown,160,82,40
Brown,160,82,45
Brown,160,82,50
Brown,160,82,55
Brown,160,87,35
Brown,160,87,40
Brown,160,87,45
Brown,160,87,50
Brown,160,87,55
Brown,160,92,35
Brown,160,92,40
Brown,160,92,45
Brown,160,92,50
Brown,160,92,55
Brown,165,72,35
Brown,165,72,40
Brown,165,72,45
Brown,165,72,50
Brown,165,72,55
Brown,165,77,35
Brown,165,77,40
Brown,165,77,45
Brown,165,77,50
Brown,165,77,55
Brown,165,82,35
Brown,165,82,40
Brown,165,82,45
Brown,165,82,50
Brown,165,82,55
Brown,165,87,35
Brown,165,87,40
Brown,165,87,45
Brown,165,87,50
Brown,165,87,55
Brown,165,92,35
Brown,165,92,40
Brown,165,92,45
Brown,165,92,50
Brown,165,92,55
Brown,170,72,35
Brown,170,72,40
Brown,170,72,45
Brown,170,72,50
Brown,170,72,55
Brown,170,77,35
Brown,170,77,40
Brown,170,77,45
Brown,170,77,50
Brown,170,77,55
Brown,170,82,35
Brown,170,82,40
Brown,170,82,45
Brown,170,82,50
Brown,170,82,55
Brown,170,87,35
Brown,170,87,40
Brown,170,87,45
Brown,170,87,50
Brown,170,87,55
Brown,170,92,35
Brown,170,92,40
Brown,170,92,45
Brown,170,92,50
Brown,170,92,55
Brown,155,32,32
Brown,155,32,37
Brown,155,32,42
Brown,155,32,47
Brown,155,32,52
Brown,155,37,32
Brown,155,37,37
Brown,155,37,42
Brown,155,37,47
Brown,155,37,52
Brown,155,42,32
Brown,155,42,37
Brown,155,42,42
Brown,155,42,47
Brown,155,42,52
Brown,155,47,32
Brown,155,47,37
Brown,155,47,42
Brown,155,47,47
Brown,155,47,52
Brown,155,52,32
Brown,155,52,37
Brown,155,52,42
Brown,155,52,47
Brown,155,52,52
Brown,160,32,32
Brown,160,32,37
Brown,160,32,42
Brown,160,32,47
Brown,160,32,52
Brown,160,37,32
Brown,160,37,37
Brown,160,37,42
Brown,160,37,47
Brown,160,37,52
Brown,160,42,32
Brown,160,42,37
Brown,160,42,42
Brown,160,42,47
Brown,160,42,52
Brown,160,47,32
Brown,160,47,37
Brown,160,47,42
Brown,160,47,47
Brown,160,47,52
Brown,160,52,32
Brown,160,52,37
Brown,160,52,42
Brown,160,52,47
Brown,160,52,52
Brown,165,32,32
Brown,165,32,37
Brown,165,32,42
Brown,165,32,47
Brown,165,32,52
Brown,165,37,32
Brown,165,37,37
Brown,165,37,42
Brown,165,37,47
Brown,165,37,52
Brown,165,42,32
Brown,165,42,37
Brown,165,42,42
Brown,165,42,47
Brown,165,42,52
Brown,165,47,32
Brown,165,47,37
Brown,165,47,42
Brown,165,47,47
Brown,165,47,52
Brown,165,52,32
Brown,165,52,37
Brown,165,52,42
Brown,165,52,47
Brown,165,52,52
Brown,170,32,32
Brown,170,32,37
Brown,170,32,42
Brown,170,32,47
Brown,170,32,52
Brown,170,37,32
Brown,170,37,37
Brown,170,37,42
Brown,170,37,47
Brown,170,37,52
Brown,170,42,32
Brown,170,42,37
Brown,170,42,42
Brown,170,42,47
Brown,170,42,52
Brown,170,47,32
Brown,170,47,37
Brown,170,47,42
Brown,170,47,47
Brown,170,47,52
Brown,170,52,32
Brown,170,52,37
Brown,170,52,42
Brown,170,52,47
Brown,170,52,52
Brown,175,32,32
Brown,175,32,37
Brown,175,32,42
Brown,175,32,47
Brown,175,32,52
Brown,175,37,32
Brown,175,37,37
Brown,175,37,42
Brown,175,37,47
Brown,175,37,52
Brown,175,42,32
Brown,175,42,37
Brown,175,42,42
Brown,175,42,47
Brown,175,42,52
Brown,175,47,32
Brown,175,47,37
Brown,175,47,42
Brown,175,47,47
Brown,175,47,52
Brown,175,52,32
Brown,175,52,37
Brown,175,52,42
Brown,175,52,47
Brown,175,52,52
White,245,245,245
White,245,245,250
White,245,245,255
White,245,245,255
White,245,245,255
White,245,250,245
White,245,250,250
White,245,250,255
White,245,250,255
White,245,250,255
White,245,255,245
White,245,255,250
White,245,255,255
White,245,255,255
White,245,255,255
White,245,255,245
White,245,255,250
White,245,255,255
White,245,255,255
White,245,255,255
White,245,255,245
White,245,255,250
White,245,255,255
White,245,255,255
White,245,255,255
White,250,245,245
White,250,245,250
White,250,245,255
White,250,245,255
White,250,245,255
White,250,250,245
White,250,250,250
White,250,250,255
White,250,250,255
White,250,250,255
White,250,255,245
White,250,255,250
White,250,255,255
White,250,255,255
White,250,255,255
White,250,255,245
White,250,255,250
White,250,255,255
White,250,255,255
White,250,255,255
White,250,255,245
White,250,255,250
White,250,255,255
White,250,255,255
White,250,255,255
White,255,245,245
White,255,245,250
White,255,245,255
White,255,245,255
White,255,245,255
White,255,250,245
White,255,250,250
White,255,250,255
White,255,250,255
White,255,250,255
White,255,255,245
White,255,255,250
White,255,255,255
White,255,255,255
White,255,255,255
White,255,255,245
White,255,255,250
White,255,255,255
White,255,255,255
White,255,255,255
White,255,255,245
White,255,255,250
White,255,255,255
White,255,255,255
White,255,255,255
White,255,245,245
White,255,245,250
White,255,245,255
White,255,245,255
White,255,245,255
White,255,250,245
White,255,250,250
White,255,250,255
White,255,250,255
White,255,250,255
White,255,255,245
White,255,255,250
White,255,255,255
White,255,255,255
White,255,255,255
White,255,255,245
White,255,255,250
White,255,255,255
White,255,255,255
White,255,255,255
White,255,255,245
White,255,255,250
White,255,255,255
White,255,255,255
White,255,255,255
White,255,245,245
White,255,245,250
White,255,245,255
White,255,245,255
White,255,245,255
White,255,250,245
White,255,250,250
White,255,250,255
White,255,250,255
White,255,250,255
White,255,255,245
White,255,255,250
White,255,255,255
White,255,255,255
White,255,255,255
White,255,255,245
White,255,255,250
White,255,255,255
White,255,255,255
White,255,255,255
White,255,255,245
White,255,255,250
White,255,255,255
White,255,255,255
White,255,255,255
White,235,235,235
White,235,235,240
White,235,235,245
White,235,235,250
White,235,235,255
White,235,240,235
White,235,240,240
White,235,240,245
White,235,240,250
White,235,240,255
White,235,245,235
White,235,245,240
White,235,245,245
White,235,245,250
White,235,245,255
White,235,250,235
White,235,250,240
White,235,250,245
White,235,250,250
White,235,250,255
White,235,255,235
White,235,255,240
White,235,255,245
White,235,255,250
White,235,255,255
White,240,235,235
White,240,235,240
White,240,235,245
White,240,235,250
White,240,235,255
White,240,240,235
White,240,240,240
White,240,240,245
White,240,240,250
White,240,240,255
White,240,245,235
White,240,245,240
White,240,245,245
White,240,245,250
White,240,245,255
White,240,250,235
White,240,250,240
White,240,250,245
White,240,250,250
White,240,250,255
White,240,255,235
White,240,255,240
White,240,255,245
White,240,255,250
White,240,255,255
White,245,235,235
White,245,235,240
White,245,235,245
White,245,235,250
White,245,235,255
White,245,240,235
White,245,240,240
White,245,240,245
White,245,240,250
White,245,240,255
White,245,245,235
White,245,245,240
White,245,245,245
White,245,245,250
White,245,245,255
White,245,250,235
White,245,250,240
White,245,250,245
White,245,250,250
White,245,250,255
White,245,255,235
White,245,255,240
White,245,255,245
White,245,255,250
White,245,255,255
White,250,235,235
White,250,235,240
White,250,235,245
White,250,235,250
White,250,235,255
White,250,240,235
White,250,240,240
White,250,240,245
White,250,240,250
White,250,240,255
White,250,245,235
White,250,245,240
White,250,245,245
White,250,245,250
White,250,245,255
White,250,250,235
White,250,250,240
White,250,250,245
White,250,250,250
White,250,250,255
White,250,255,235
White,250,255,240
White,250,255,245
White,250,255,250
White,250,255,255
White,255,235,235
White,255,235,240
White,255,235,245
White,255,235,250
White,255,235,255
White,255,240,235
White,255,240,240
White,255,240,245
White,255,240,250
White,255,240,255
White,255,245,235
White,255,245,240
White,255,245,245
White,255,245,250
White,255,245,255
White,255,250,235
White,255,250,240
White,255,250,245
White,255,250,250
White,255,250,255
White,255,255,235
White,255,255,240
White,255,255,245
White,255,255,250
White,255,255,255
White,240,240,240
White,240,240,245
White,240,240,250
White,240,240,255
White,240,240,255
White,240,245,240
White,240,245,245
White,240,245,250
White,240,245,255
White,240,245,255
White,240,250,240
White,240,250,245
White,240,250,250
White,240,250,255
White,240,250,255
White,240,255,240
White,240,255,245
White,240,255,250
White,240,255,255
White,240,255,255
White,240,255,240
White,240,255,245
White,240,255,250
White,240,255,255
White,240,255,255
White,245,240,240
White,245,240,245
White,245,240,250
White,245,240,255
White,245,240,255
White,245,245,240
White,245,245,245
White,245,245,250
White,245,245,255
White,245,245,255
White,245,250,240
White,245,250,245
White,245,250,250
White,245,250,255
White,245,250,255
White,245,255,240
White,245,255,245
White,245,255,250
White,245,255,255
White,245,255,255
White,245,255,240
White,245,255,245
White,245,255,250
White,245,255,255
White,245,255,255
White,250,240,240
White,250,240,245
White,250,240,250
White,250,240,255
White,250,240,255
White,250,245,240
White,250,245,245
White,250,245,250
White,250,245,255
White,250,245,255
White,250,250,240
White,250,250,245
White,250,250,250
White,250,250,255
White,250,250,255
White,250,255,240
White,250,255,245
White,250,255,250
White,250,255,255
White,250,255,255
White,250,255,240
White,250,255,245
White,250,255,250
White,250,255,255
White,250,255,255
White,255,240,240
White,255,240,245
White,255,240,250
White,255,240,255
White,255,240,255
White,255,245,240
White,255,245,245
White,255,245,250
White,255,245,255
White,255,245,255
White,255,250,240
White,255,250,245
White,255,250,250
White,255,250,255
White,255,250,255
White,255,255,240
White,255,255,245
White,255,255,250
White,255,255,255
White,255,255,255
White,255,255,240
White,255,255,245
White,255,255,250
White,255,255,255
White,255,255,255
White,255,240,240
White,255,240,245
White,255,240,250
White,255,240,255
White,255,240,255
White,255,245,240
White,255,245,245
White,255,245,250
White,255,245,255
White,255,245,255
White,255,250,240
White,255,250,245
White,255,250,250
White,255,250,255
White,255,250,255
White,255,255,240
White,255,255,245
White,255,255,250
White,255,255,255
White,255,255,255
White,255,255,240
White,255,255,245
White,255,255,250
White,255,255,255
White,255,255,255
Black,0,0,0
Black,0,0,0
Black,0,0,0
Black,0,0,5
Black,0,0,10
Black,0,0,0
Black,0,0,0
Black,0,0,0
Black,0,0,5
Black,0,0,10
Black,0,0,0
Black,0,0,0
Black,0,0,0
Black,0,0,5
Black,0,0,10
Black,0,5,0
Black,0,5,0
Black,0,5,0
Black,0,5,5
Black,0,5,10
Black,0,10,0
Black,0,10,0
Black,0,10,0
Black,0,10,5
Black,0,10,10
Black,0,0,0
Black,0,0,0
Black,0,0,0
Black,0,0,5
Black,0,0,10
Black,0,0,0
Black,0,0,0
Black,0,0,0
Black,0,0,5
Black,0,0,10
Black,0,0,0
Black,0,0,0
Black,0,0,0
Black,0,0,5
Black,0,0,10
Black,0,5,0
Black,0,5,0
Black,0,5,0
Black,0,5,5
Black,0,5,10
Black,0,10,0
Black,0,10,0
Black,0,10,0
Black,0,10,5
Black,0,10,10
Black,0,0,0
Black,0,0,0
Black,0,0,0
Black,0,0,5
Black,0,0,10
Black,0,0,0
Black,0,0,0
Black,0,0,0
Black,0,0,5
Black,0,0,10
Black,0,0,0
Black,0,0,0
Black,0,0,0
Black,0,0,5
Black,0,0,10
Black,0,5,0
Black,0,5,0
Black,0,5,0
Black,0,5,5
Black,0,5,10
Black,0,10,0
Black,0,10,0
Black,0,10,0
Black,0,10,5
Black,0,10,10
Black,5,0,0
Black,5,0,0
Black,5,0,0
Black,5,0,5
Black,5,0,10
Black,5,0,0
Black,5,0,0
Black,5,0,0
Black,5,0,5
Black,5,0,10
Black,5,0,0
Black,5,0,0
Black,5,0,0
Black,5,0,5
Black,5,0,10
Black,5,5,0
Black,5,5,0
Black,5,5,0
Black,5,5,5
Black,5,5,10
Black,5,10,0
Black,5,10,0
Black,5,10,0
Black,5,10,5
Black,5,10,10
Black,10,0,0
Black,10,0,0
Black,10,0,0
Black,10,0,5
Black,10,0,10
Black,10,0,0
Black,10,0,0
Black,10,0,0
Black,10,0,5
Black,10,0,10
Black,10,0,0
Black,10,0,0
Black,10,0,0
Black,10,0,5
Black,10,0,10
Black,10,5,0
Black,10,5,0
Black,10,5,0
Black,10,5,5
Black,10,5,10
Black,10,10,0
Black,10,10,0
Black,10,10,0
Black,10,10,5
Black,10,10,10
Black,0,0,0
Black,0,0,5
Black,0,0,10
Black,0,0,15
Black,0,0,20
Black,0,5,0
Black,0,5,5
Black,0,5,10
Black,0,5,15
Black,0,5,20
Black,0,10,0
Black,0,10,5
Black,0,10,10
Black,0,10,15
Black,0,10,20
Black,0,15,0
Black,0,15,5
Black,0,15,10
Black,0,15,15
Black,0,15,20
Black,0,20,0
Black,0,20,5
Black,0,20,10
Black,0,20,15
Black,0,20,20
Black,5,0,0
Black,5,0,5
Black,5,0,10
Black,5,0,15
Black,5,0,20
Black,5,5,0
Black,5,5,5
Black,5,5,10
Black,5,5,15
Black,5,5,20
Black,5,10,0
Black,5,10,5
Black,5,10,10
Black,5,10,15
Black,5,10,20
Black,5,15,0
Black,5,15,5
Black,5,15,10
Black,5,15,15
Black,5,15,20
Black,5,20,0
Black,5,20,5
Black,5,20,10
Black,5,20,15
Black,5,20,20
Black,10,0,0
Black,10,0,5
Black,10,0,10
Black,10,0,15
Black,10,0,20
Black,10,5,0
Black,10,5,5
Black,10,5,10
Black,10,5,15
Black,10,5,20
Black,10,10,0
Black,10,10,5
Black,10,10,10
Black,10,10,15
Black,10,10,20
Black,10,15,0
Black,10,15,5
Black,10,15,10
Black,10,15,15
Black,10,15,20
Black,10,20,0
Black,10,20,5
Black,10,20,10
Black,10,20,15
Black,10,20,20
Black,15,0,0
Black,15,0,5
Black,15,0,10
Black,15,0,15
Black,15,0,20
Black,15,5,0
Black,15,5,5
Black,15,5,10
Black,15,5,15
Black,15,5,20
Black,15,10,0
Black,15,10,5
Black,15,10,10
Black,15,10,15
Black,15,10,20
Black,15,15,0
Black,15,15,5
Black,15,15,10
Black,15,15,15
Black,15,15,20
Black,15,20,0
Black,15,20,5
Black,15,20,10
Black,15,20,15
Black,15,20,20
Black,20,0,0
Black,20,0,5
Black,20,0,10
Black,20,0,15
Black,20,0,20
Black,20,5,0
Black,20,5,5
Black,20,5,10
Black,20,5,15
Black,20,5,20
Black,20,10,0
Black,20,10,5
Black,20,10,10
Black,20,10,15
Black,20,10,20
Black,20,15,0
Black,20,15,5
Black,20,15,10
Black,20,15,15
Black,20,15,20
Black,20,20,0
Black,20,20,5
Black,20,20,10
Black,20,20,15
Black,20,20,20
Black,10,10,10
Black,10,10,15
Black,10,10,20
Black,10,10,25
Black,10,10,30
Black,10,15,10
Black,10,15,15
Black,10,15,20
Black,10,15,25
Black,10,15,30
Black,10,20,10
Black,10,20,15
Black,10,20,20
Black,10,20,25
Black,10,20,30
Black,10,25,10
Black,10,25,15
Black,10,25,20
Black,10,25,25
Black,10,25,30
Black,10,30,10
Black,10,30,15
Black,10,30,20
Black,10,30,25
Black,10,30,30
Black,15,10,10
Black,15,10,15
Black,15,10,20
Black,15,10,25
Black,15,10,30
Black,15,15,10
Black,15,15,15
Black,15,15,20
Black,15,15,25
Black,15,15,30
Black,15,20,10
Black,15,20,15
Black,15,20,20
Black,15,20,25
Black,15,20,30
Black,15,25,10
Black,15,25,15
Black,15,25,20
Black,15,25,25
Black,15,25,30
Black,15,30,10
Black,15,30,15
Black,15,30,20
Black,15,30,25
Black,15,30,30
Black,20,10,10
Black,20,10,15
Black,20,10,20
Black,20,10,25
Black,20,10,30
Black,20,15,10
Black,20,15,15
Black,20,15,20
Black,20,15,25
Black,20,15,30
Black,20,20,10
Black,20,20,15
Black,20,20,20
Black,20,20,25
Black,20,20,30
Black,20,25,10
Black,20,25,15
Black,20,25,20
Black,20,25,25
Black,20,25,30
Black,20,30,10
Black,20,30,15
Black,20,30,20
Black,20,30,25
Black,20,30,30
Black,25,10,10
Black,25,10,15
Black,25,10,20
Black,25,10,25
Black,25,10,30
Black,25,15,10
Black,25,15,15
Black,25,15,20
Black,25,15,25
Black,25,15,30
Black,25,20,10
Black,25,20,15
Black,25,20,20
Black,25,20,25
Black,25,20,30
Black,25,25,10
Black,25,25,15
Black,25,25,20
Black,25,25,25
Black,25,25,30
Black,25,30,10
Black,25,30,15
Black,25,30,20
Black,25,30,25
Black,25,30,30
Black,30,10,10
Black,30,10,15
Black,30,10,20
Black,30,10,25
Black,30,10,30
Black,30,15,10
Black,30,15,15
Black,30,15,20
Black,30,15,25
Black,30,15,30
Black,30,20,10
Black,30,20,15
Black,30,20,20
Black,30,20,25
Black,30,20,30
Black,30,25,10
Black,30,25,15
Black,30,25,20
Black,30,25,25
Black,30,25,30
Black,30,30,10
Black,30,30,15
Black,30,30,20
Black,30,30,25
Black,30,30,30
Gray,118,118,118
Gray,118,118,123
Gray,118,118,128
Gray,118,118,133
Gray,118,118,138
Gray,118,123,118
Gray,118,123,123
Gray,118,123,128
Gray,118,123,133
Gray,118,123,138
Gray,118,128,118
Gray,118,128,123
Gray,118,128,128
Gray,118,128,133
Gray,118,128,138
Gray,118,133,118
Gray,118,133,123
Gray,118,133,128
Gray,118,133,133
Gray,118,133,138
Gray,118,138,118
Gray,118,138,123
Gray,118,138,128
Gray,118,138,133
Gray,118,138,138
Gray,123,118,118
Gray,123,118,123
Gray,123,118,128
Gray,123,118,133
Gray,123,118,138
Gray,123,123,118
Gray,123,123,123
Gray,123,123,128
Gray,123,123,133
Gray,123,123,138
Gray,123,128,118
Gray,123,128,123
Gray,123,128,128
Gray,123,128,133
Gray,123,128,138
Gray,123,133,118
Gray,123,133,123
Gray,123,133,128
Gray,123,133,133
Gray,123,133,138
Gray,123,138,118
Gray,123,138,123
Gray,123,138,128
Gray,123,138,133
Gray,123,138,138
Gray,128,118,118
Gray,128,118,123
Gray,128,118,128
Gray,128,118,133
Gray,128,118,138
Gray,128,123,118
Gray,128,123,123
Gray,128,123,128
Gray,128,123,133
Gray,128,123,138
Gray,128,128,118
Gray,128,128,123
Gray,128,128,128
Gray,128,128,133
Gray,128,128,138
Gray,128,133,118
Gray,128,133,123
Gray,128,133,128
Gray,128,133,133
Gray,128,133,138
Gray,128,138,118
Gray,128,138,123
Gray,128,138,128
Gray,128,138,133
Gray,128,138,138
Gray,133,118,118
Gray,133,118,123
Gray,133,118,128
Gray,133,118,133
Gray,133,118,138
Gray,133,123,118
Gray,133,123,123
Gray,133,123,128
Gray,133,123,133
Gray,133,123,138
Gray,133,128,118
Gray,133,128,123
Gray,133,128,128
Gray,133,128,133
Gray,133,128,138
Gray,133,133,118
Gray,133,133,123
Gray,133,133,128
Gray,133,133,133
Gray,133,133,138
Gray,133,138,118
Gray,133,138,123
Gray,133,138,128
Gray,133,138,133
Gray,133,138,138
Gray,138,118,118
Gray,138,118,123
Gray,138,118,128
Gray,138,118,133
Gray,138,118,138
Gray,138,123,118
Gray,138,123,123
Gray,138,123,128
Gray,138,123,133
Gray,138,123,138
Gray,138,128,118
Gray,138,128,123
Gray,138,128,128
Gray,138,128,133
Gray,138,128,138
Gray,138,133,118
Gray,138,133,123
Gray,138,133,128
Gray,138,133,133
Gray,138,133,138
Gray,138,138,118
Gray,138,138,123
Gray,138,138,128
Gray,138,138,133
Gray,138,138,138
Gray,159,159,159
Gray,159,159,164
Gray,159,159,169
Gray,159,159,174
Gray,159,159,179
Gray,159,164,159
Gray,159,164,164
Gray,159,164,169
Gray,159,164,174
Gray,159,164,179
Gray,159,169,159
Gray,159,169,164
Gray,159,169,169
Gray,159,169,174
Gray,159,169,179
Gray,159,174,159
Gray,159,174,164
Gray,159,174,169
Gray,159,174,174
Gray,159,174,179
Gray,159,179,159
Gray,159,179,164
Gray,159,179,169
Gray,159,179,174
Gray,159,179,179
Gray,164,159,159
Gray,164,159,164
Gray,164,159,169
Gray,164,159,174
Gray,164,159,179
Gray,164,164,159
Gray,164,164,164
Gray,164,164,169
Gray,164,164,174
Gray,164,164,179
Gray,164,169,159
Gray,164,169,164
Gray,164,169,169
Gray,164,169,174
Gray,164,169,179
Gray,164,174,159
Gray,164,174,164
Gray,164,174,169
Gray,164,174,174
Gray,164,174,179
Gray,164,179,159
Gray,164,179,164
Gray,164,179,169
Gray,164,179,174
Gray,164,179,179
Gray,169,159,159
Gray,169,159,164
Gray,169,159,169
Gray,169,159,174
Gray,169,159,179
Gray,169,164,159
Gray,169,164,164
Gray,169,164,169
Gray,169,164,174
Gray,169,164,179
Gray,169,169,159
Gray,169,169,164
Gray,169,169,169
Gray,169,169,174
Gray,169,169,179
Gray,169,174,159
Gray,169,174,164
Gray,169,174,169
Gray,169,174,174
Gray,169,174,179
Gray,169,179,159
Gray,169,179,164
Gray,169,179,169
Gray,169,179,174
Gray,169,179,179
Gray,174,159,159
Gray,174,159,164
Gray,174,159,169
Gray,174,159,174
Gray,174,159,179
Gray,174,164,159
Gray,174,164,164
Gray,174,164,169
Gray,174,164,174
Gray,174,164,179
Gray,174,169,159
Gray,174,169,164
Gray,174,169,169
Gray,174,169,174
Gray,174,169,179
Gray,174,174,159
Gray,174,174,164
Gray,174,174,169
Gray,174,174,174
Gray,174,174,179
Gray,174,179,159
Gray,174,179,164
Gray,174,179,169
Gray,174,179,174
Gray,174,179,179
Gray,179,159,159
Gray,179,159,164
Gray,179,159,169
Gray,179,159,174
Gray,179,159,179
Gray,179,164,159
Gray,179,164,164
Gray,179,164,169
Gray,179,164,174
Gray,179,164,179
Gray,179,169,159
Gray,179,169,164
Gray,179,169,169
Gray,179,169,174
Gray,179,169,179
Gray,179,174,159
Gray,179,174,164
Gray,179,174,169
Gray,179,174,174
Gray,179,174,179
Gray,179,179,159
Gray,179,179,164
Gray,179,179,169
Gray,179,179,174
Gray,179,179,179
Gray,182,182,182
Gray,182,182,187
Gray,182,182,192
Gray,182,182,197
Gray,182,182,202
Gray,182,187,182
Gray,182,187,187
Gray,182,187,192
Gray,182,187,197
Gray,182,187,202
Gray,182,192,182
Gray,182,192,187
Gray,182,192,192
Gray,182,192,197
Gray,182,192,202
Gray,182,197,182
Gray,182,197,187
Gray,182,197,192
Gray,182,197,197
Gray,182,197,202
Gray,182,202,182
Gray,182,202,187
Gray,182,202,192
Gray,182,202,197
Gray,182,202,202
Gray,187,182,182
Gray,187,182,187
Gray,187,182,192
Gray,187,182,197
Gray,187,182,202
Gray,187,187,182
Gray,187,187,187
Gray,187,187,192
Gray,187,187,197
Gray,187,187,202
Gray,187,192,182
Gray,187,192,187
Gray,187,192,192
Gray,187,192,197
Gray,187,192,202
Gray,187,197,182
Gray,187,197,187
Gray,187,197,192
Gray,187,197,197
Gray,187,197,202
Gray,187,202,182
Gray,187,202,187
Gray,187,202,192
Gray,187,202,197
Gray,187,202,202
Gray,192,182,182
Gray,192,182,187
Gray,192,182,192
Gray,192,182,197
Gray,192,182,202
Gray,192,187,182
Gray,192,187,187
Gray,192,187,192
Gray,192,187,197
Gray,192,187,202
Gray,192,192,182
Gray,192,192,187
Gray,192,192,192
Gray,192,192,197
Gray,192,192,202
Gray,192,197,182
Gray,192,197,187
Gray,192,197,192
Gray,192,197,197
Gray,192,197,202
Gray,192,202,182
Gray,192,202,187
Gray,192,202,192
Gray,192,202,197
Gray,192,202,202
Gray,197,182,182
Gray,197,182,187
Gray,197,182,192
Gray,197,182,197
Gray,197,182,202
Gray,197,187,182
Gray,197,187,187
Gray,197,187,192
Gray,197,187,197
Gray,197,187,202
Gray,197,192,182
Gray,197,192,187
Gray,197,192,192
Gray,197,192,197
Gray,197,192,202
Gray,197,197,182
Gray,197,197,187
Gray,197,197,192
Gray,197,197,197
Gray,197,197,202
Gray,197,202,182
Gray,197,202,187
Gray,197,202,192
Gray,197,202,197
Gray,197,202,202
Gray,202,182,182
Gray,202,182,187
Gray,202,182,192
Gray,202,182,197
Gray,202,182,202
Gray,202,187,182
Gray,202,187,187
Gray,202,187,192
Gray,202,187,197
Gray,202,187,202
Gray,202,192,182
Gray,202,192,187
Gray,202,192,192
Gray,202,192,197
Gray,202,192,202
Gray,202,197,182
Gray,202,197,187
Gray,202,197,192
Gray,202,197,197
Gray,202,197,202
Gray,202,202,182
Gray,202,202,187
Gray,202,202,192
Gray,202,202,197
Gray,202,202,202
